artist,genres,followers,popularity,source_date
Haze glitch,[],11520,28,20241011
Lil Wayne,"['hip hop', 'new orleans rap', 'pop rap', 'rap', 'trap']",15348626,87,20241011
Black Pumas,['retro soul'],1057351,64,20241011
Paul Collins,['movie tunes'],816,33,20241011
Triana,[],225,32,20241011
Lil Baby,"['atl hip hop', 'atl trap', 'rap', 'trap']",18679330,87,20241011
SZA,"['pop', 'r&b', 'rap']",23537466,90,20241011
Adam Port,['melodic house'],199038,77,20241011
The Notorious B.I.G.,"['east coast hip hop', 'gangster rap', 'hardcore hip hop', 'hip hop', 'rap']",10794906,79,20241011
Takuya Kuroda,"['contemporary jazz', 'indie jazz', 'japanese jazz']",128192,41,20241011
Natasha Bedingfield,"['dance pop', 'pop', 'post-teen pop']",1824587,76,20241011
Yandel,"['latin hip hop', 'reggaeton', 'trap latino', 'urbano latino']",7977928,81,20241011
Capo Plaza,"['italian hip hop', 'italian pop', 'trap italiana']",3879992,74,20241011
Roger Miller,"['classic country pop', 'classic oklahoma country', 'nashville sound']",276099,54,20241011
Luvcat,[],66267,53,20241011
Noah Kahan,"['pov: indie', 'singer-songwriter pop']",3441548,87,20241011
Estopa,"['pop flamenco', 'rumba', 'spanish pop']",2092273,71,20241011
Benson Boone,['singer-songwriter pop'],3692919,86,20241011
Topic,"['german dance', 'pop dance', 'pop edm', 'uk dance']",263828,76,20241011
LOS NIKIS,['spanish new wave'],35129,37,20241011
Linkin Park,"['alternative metal', 'nu metal', 'post-grunge', 'rap metal', 'rock']",27071086,92,20241011
No Te Va Gustar,"['latin alternative', 'reggae uruguayo', 'rock en espanol', 'rock uruguayo']",2350906,70,20241011
*NSYNC,"['boy band', 'dance pop', 'pop']",2652765,78,20241011
Zion & Lennox,"['reggaeton', 'urbano latino']",7716760,77,20241011
Pink Floyd,"['album rock', 'art rock', 'classic rock', 'progressive rock', 'psychedelic rock', 'rock', 'symphonic rock']",20941008,80,20241011
Max McNown,[],213824,68,20241011
Christina Aguilera,"['dance pop', 'pop']",8505642,79,20241011
Angelina Mango,['italian pop'],455240,67,20241011
Trippie Redd,"['melodic rap', 'rap', 'trap']",9853440,82,20241011
41,['new york drill'],234717,70,20241011
d4vd,"['bedroom pop', 'bedroom r&b']",2989648,79,20241011
Ralphie Choo,"['indie r&b', 'urbano espanol']",67766,63,20241011
Guè,"['italian hip hop', 'italian pop']",2590552,75,20241011
Walls of Jericho,"['groove metal', 'melodic metalcore']",113002,34,20241011
Phoenix,"['alternative dance', 'indie rock', 'modern rock', 'new rave', 'rock independant francais', 'shimmer pop']",1941449,68,20241011
Fridayy,[],244243,67,20241011
D-Event,[],119,12,20241011
Daft Punk,"['electro', 'filter house', 'rock']",10180954,82,20241011
Hombres G,"['latin alternative', 'latin pop', 'mexican pop', 'rock en espanol', 'spanish rock']",4470254,73,20241011
Lennox,[],22621,56,20241011
Luis R Conriquez,"['corrido', 'sad sierreno', 'sierreno']",6413488,86,20241011
Cyndi Lauper,"['dance pop', 'new wave pop', 'permanent wave', 'soft rock']",2847900,73,20241011
Crowded House,"['australian rock', 'permanent wave']",873841,70,20241011
Bruno Mars,"['dance pop', 'pop']",60003606,94,20241011
Emre Fel,['turkish singer-songwriter'],307348,67,20241011
Fuerza Regida,"['corrido', 'corridos tumbados', 'sad sierreno', 'sierreno']",11716582,89,20241011
Brand Nubian,"['conscious hip hop', 'east coast hip hop', 'golden age hip hop']",235505,42,20241011
Metro Boomin,['rap'],9364070,90,20241011
Common,"['alternative hip hop', 'chicago rap', 'conscious hip hop', 'hardcore hip hop', 'hip hop', 'political hip hop']",977132,62,20241011
Skepta,"['birmingham grime', 'grime', 'instrumental grime', 'uk hip hop']",1355582,73,20241011
Lady Gaga,"['art pop', 'dance pop', 'pop']",31956338,91,20241011
Kenia OS,"['latin viral pop', 'urbano mexicano']",5471881,76,20241011
Black Moon,"['east coast hip hop', 'hardcore hip hop']",196532,44,20241011
J. Cole,"['conscious hip hop', 'hip hop', 'north carolina hip hop', 'rap']",24672169,86,20241011
Nazan Öncel,"['turkish instrumental', 'turkish pop', 'turkish singer-songwriter']",648279,61,20241011
Rick Ross,"['dirty south rap', 'gangster rap', 'hip hop', 'rap', 'southern hip hop', 'trap']",7361101,77,20241011
Aventura,"['bachata', 'bachata dominicana', 'latin hip hop', 'latin pop', 'tropical', 'urbano latino']",8837387,81,20241011
John Maus,"['art pop', 'baroque pop', 'experimental pop', 'grave wave', 'hypnagogic pop', 'noise pop']",215251,49,20241011
Sabrina Carpenter,['pop'],13411940,95,20241011
Tobÿ,"['chill house', 'saxophone house', 'tropical house']",8054,55,20241011
Artemas,[],949595,80,20241011
Delaporte,['spanish indie pop'],67113,48,20241011
jüle.,[],2842,49,20241011
Vacra,['pop urbaine'],87267,68,20241011
Ultimo,"['italian adult pop', 'italian pop']",3609344,72,20241011
Gaby Music,"['pop reggaeton', 'trap latino', 'urbano latino']",71661,67,20241011
sombr,[],183630,63,20241011
HUGEL,['deep house'],337471,77,20241011
ASTRO,"['k-pop', 'k-pop boy group']",2135919,56,20241011
The LOX,"['dirty south rap', 'east coast hip hop', 'hardcore hip hop']",565965,53,20241011
Can Kazaz,"['turkish alt pop', 'turkish rock']",368546,60,20241011
Franglish,"['french hip hop', 'pop urbaine', 'r&b francais']",1518752,70,20241011
Big One,['trap argentino'],625399,74,20241011
Caleb Calloway,['urbano latino'],22000,57,20241011
Pixies,"['alternative rock', 'boston rock', 'permanent wave', 'rock']",3100018,72,20241011
WIU,['trap brasileiro'],2396042,77,20241011
Los Rodriguez,"['argentine rock', 'latin alternative', 'rock en espanol']",717782,61,20241011
Lola Young,['uk pop'],246767,61,20241011
Chencho Corleone,"['reggaeton', 'reggaeton flow', 'trap latino', 'urbano latino']",1179171,80,20241011
Dee C. Lee,[],3691,27,20241011
Quevedo,"['rap canario', 'trap latino', 'urbano latino']",5167466,82,20241011
Jowell & Randy,"['reggaeton', 'urbano latino']",4427887,72,20241011
David Garrett,"['bow pop', 'pop violin']",498321,53,20241011
girl in red,"['bedroom pop', 'indie pop', 'norwegian indie', 'pov: indie']",7553123,77,20241011
The Marías,"['bedroom pop', 'la indie']",1533956,77,20241011
Chappell Roan,['indie pop'],3420086,90,20241011
Bad Gyal,"['neoperreo', 'rap catala', 'rap latina', 'trap catala', 'urbano espanol', 'urbano latino']",1805508,75,20241011
USHER,"['atl hip hop', 'contemporary r&b', 'dance pop', 'pop', 'r&b', 'rap', 'south carolina hip hop', 'urban contemporary']",12200632,83,20241011
Adele,"['british soul', 'pop', 'pop soul', 'uk pop']",59223975,88,20241011
José Mercé,[],140,0,20241011
Tate McRae,['pop'],6015586,85,20241011
Porter Robinson,"['complextro', 'edm', 'electro house', 'pop dance', 'progressive electro house']",1161706,65,20241011
.Feast,['indonesian indie'],731566,67,20241011
Sebastian Yatra,"['colombian pop', 'latin pop', 'reggaeton', 'reggaeton colombiano', 'urbano latino']",23127822,80,20241011
Doechii,['alternative r&b'],586645,73,20241011
Post Malone,"['dfw rap', 'melodic rap', 'pop', 'rap']",45512268,92,20241011
Future,"['atl hip hop', 'hip hop', 'rap', 'southern hip hop', 'trap']",18822013,93,20241011
Ivan Ferreiro,"['cantautor', 'spanish indie pop']",250193,53,20241011
Harry Styles,['pop'],32924302,84,20241011
Emilia,['pop argentino'],3603744,81,20241011
KHEA,"['argentine hip hop', 'trap argentino', 'trap latino', 'trap triste', 'urbano latino']",5735803,78,20241011
Ashanti,"['dance pop', 'hip pop', 'r&b', 'urban contemporary']",3186731,72,20241011
Joan Dausà,"['cantautor catala', 'indie catala', 'rock catala']",50779,48,20241011
Burna Boy,"['afrobeats', 'dancehall', 'nigerian hip hop', 'nigerian pop']",10289144,81,20241011
Yeah Yeah Yeahs,"['alternative dance', 'alternative rock', 'art pop', 'dance-punk', 'garage rock', 'indie rock', 'modern rock', 'neo-synthpop', 'new rave']",1342918,67,20241011
InI,['jazz rap'],9756,48,20241011
Martin Garrix,"['dutch edm', 'edm', 'pop', 'pop dance', 'progressive house']",15074614,76,20241011
Yomo,"['latin hip hop', 'reggaeton']",1019159,60,20241011
Kygo,"['edm', 'pop', 'pop dance', 'tropical house']",8461852,82,20241011
Samuraï,[],55622,59,20241011
El Barrio,"['pop flamenco', 'rock andaluz', 'rumba', 'spanish pop']",1248326,63,20241011
Vance Joy,"['folk-pop', 'modern rock']",3169702,77,20241011
Anuel AA,"['reggaeton', 'reggaeton flow', 'trap boricua', 'trap latino', 'urbano latino']",38146155,88,20241011
Ayra Starr,['afrobeats'],3685293,79,20241011
Madison Beer,['pop'],7075347,75,20241011
24kGoldn,"['cali rap', 'pop rap']",2243020,71,20241011
Feid,"['colombian pop', 'pop reggaeton', 'reggaeton', 'reggaeton colombiano', 'trap latino', 'urbano latino']",14127130,92,20241011
Tiakola,"['french hip hop', 'pop urbaine']",2345961,79,20241011
The Weeknd,"['canadian contemporary r&b', 'canadian pop', 'pop']",92351724,96,20241011
Rod Wave,['florida rap'],7849822,79,20241011
Hi-Tech,['golden age hip hop'],7787,32,20241011
Snoop Dogg,"['g funk', 'gangster rap', 'hip hop', 'pop rap', 'rap', 'west coast rap']",12634148,84,20241011
Jazzy Skye,[],31832,38,20241011
IONA,['lo-fi jazzhop'],822,43,20241011
Beyoncé,"['pop', 'r&b']",38706073,87,20241011
Dani Martín,"['spanish pop', 'spanish pop rock']",920025,62,20241011
"Héctor ""El Father""","['reggaeton', 'urbano latino']",835791,67,20241011
The Goo Goo Dolls,"['neo mellow', 'permanent wave', 'pop rock', 'post-grunge']",2925517,76,20241011
Airbag,['argentine rock'],863197,69,20241011
Billy Joel,"['album rock', 'classic rock', 'mellow gold', 'piano rock', 'rock', 'singer-songwriter', 'soft rock']",6312751,79,20241011
Swallow The Sun,"['doom metal', 'finnish death metal', 'finnish doom metal', 'finnish melodeath', 'finnish metal', 'melodic death metal']",147466,43,20241011
Maria Becerra,"['pop argentino', 'urbano latino']",7043819,82,20241011
Mike Tucker,[],306,12,20241011
Roberto Carlos,"['jovem guarda', 'mpb']",5992940,71,20241011
Andrés Koi,[],6485,33,20241011
MAGIC!,"['pop', 'reggae fusion']",1355010,69,20241011
Nas,"['conscious hip hop', 'east coast hip hop', 'gangster rap', 'hardcore hip hop', 'hip hop', 'queens hip hop', 'rap']",3909724,74,20241011
Chase Atlantic,['alternative r&b'],8194727,82,20241011
Omar Montes,"['flamenco urbano', 'urbano espanol']",809225,74,20241011
Mishaal Tamer,"['lo-fi chill', 'sad lo-fi']",106107,57,20241011
21 Savage,"['atl hip hop', 'hip hop', 'rap']",20236976,89,20241011
Daddy Yankee,"['latin hip hop', 'reggaeton', 'trap latino', 'urbano latino']",35148320,87,20241011
"Tyler, The Creator","['hip hop', 'rap']",16468272,86,20241011
aespa,['k-pop girl group'],6577017,80,20241011
Black Sheep,"['east coast hip hop', 'queens hip hop']",235781,44,20241011
Rakim,['east coast hip hop'],924238,59,20241011
Kelsea Ballerini,"['contemporary country', 'country']",1200297,70,20241011
John Legend,"['neo soul', 'pop', 'pop soul', 'urban contemporary']",7056037,77,20241011
Eric B. & Rakim,"['bboy', 'east coast hip hop', 'golden age hip hop', 'hip hop', 'old school hip hop']",688896,53,20241011
ARCO,[],298,8,20241011
Snow Strippers,['cloud rap'],111160,64,20241011
Pink Martini,['lounge'],413471,59,20241011
Charli xcx,"['art pop', 'candy pop', 'metropopolis', 'pop', 'uk pop']",4197493,88,20241011
Naughty By Nature,"['east coast hip hop', 'hip hop', 'new jersey rap']",1181875,61,20241011
Justin Timberlake,"['dance pop', 'pop']",14578122,83,20241011
Carbonne,[],150994,65,20241011
Marlon Craft,['nyc rap'],172437,58,20241011
De La Soul,"['east coast hip hop', 'golden age hip hop', 'hip hop', 'jazz rap']",1040247,61,20241011
Too $hort,"['cali rap', 'gangster rap', 'golden age hip hop', 'hyphy', 'oakland hip hop', 'west coast rap']",1583210,63,20241011
C4C,"['chillhop', 'lo-fi beats']",12797,51,20241011
Regard,"['pop dance', 'pop edm', 'slap house', 'uk dance']",260974,69,20241011
KARINA,[],198549,42,20241011
Coldplay,"['permanent wave', 'pop']",53890376,92,20241011
Ana Mena,['spanish pop'],945548,70,20241011
2 Chainz,"['atl hip hop', 'hip hop', 'pop rap', 'rap', 'southern hip hop', 'trap']",8099720,76,20241011
BANKS,"['art pop', 'electropop', 'indie poptimism', 'indietronica', 'shimmer pop']",1062743,58,20241011
Dinosaur Jr.,"['alternative rock', 'lo-fi', 'noise pop', 'noise rock', 'permanent wave', 'power pop', 'shoegaze', 'slacker rock']",549797,52,20241011
R. City,"['reggae fusion', 'virgin islands reggae']",170062,63,20241011
Conrad Sewell,['australian pop'],114972,63,20241011
Ziak,"['drill francais', 'french hip hop', 'pop urbaine']",1090369,63,20241011
Jorja Smith,"['r&b', 'uk contemporary r&b']",3477744,74,20241011
Rosendo Cantú Y Sus Comandantes De China,[],3523,23,20241011
Nile Rodgers,['disco'],150083,74,20241011
Elyanna,['palestinian pop'],215206,72,20241011
KIDDO,['scandipop'],28358,61,20241011
Jain,['french pop'],968415,64,20241011
DCS,"['dominican pop', 'electro bailando', 'electro latino']",61509,45,20241011
La Frontera,"['spanish new wave', 'spanish pop']",95466,43,20241011
Dirty Porko,"['rap espanol', 'spanish hip hop', 'urbano espanol']",63320,47,20241011
Xzibit,"['detroit hip hop', 'g funk', 'gangster rap', 'hardcore hip hop', 'hip hop', 'west coast rap']",2100315,67,20241011
Dua Lipa,"['dance pop', 'pop', 'uk pop']",44795715,88,20241011
Ramos.,[],12105,58,20241011
Trueno,"['argentine hip hop', 'bases de freestyle', 'trap argentino', 'trap latino', 'urbano latino']",7683360,81,20241011
Digable Planets,"['afrofuturism', 'east coast hip hop', 'hip hop', 'jazz rap', 'psychedelic hip hop']",439598,53,20241011
Imagine Dragons,"['modern rock', 'pop', 'rock']",54802787,89,20241011
El Alfa,"['dembow', 'rap dominicano', 'trap latino', 'urbano latino']",3669952,79,20241011
Playboi Carti,"['atl hip hop', 'plugg', 'pluggnb', 'rage rap', 'rap']",11894760,90,20241011
Pete Rock,"['east coast hip hop', 'instrumental hip hop', 'jazz rap']",359954,55,20241011
Jacob Forever,"['cubaton', 'reparto']",199703,58,20241011
The Cranberries,"['irish rock', 'pop rock', 'rock']",4548141,78,20241011
Ed Sheeran,"['pop', 'singer-songwriter pop', 'uk pop']",116408993,89,20241011
Yann Tiersen,"['compositional ambient', 'french soundtrack']",1051001,66,20241011
Slow J,['hip hop tuga'],232771,59,20241011
MC Rick,"['funk bh', 'funk carioca', 'funk mtg']",1535050,70,20241011
Olly Murs,"['dance pop', 'pop', 'talent show', 'uk pop']",3206191,66,20241011
Myles Smith,['singer-songwriter pop'],736021,79,20241011
Parliament,"['afrofuturism', 'classic soul', 'funk', 'funk rock', 'p funk', 'soul']",799721,51,20241011
Myke Towers,"['reggaeton', 'trap latino', 'urbano latino']",16677086,89,20241011
Miguel,"['r&b', 'urban contemporary']",5294396,80,20241011
Nelly,"['dance pop', 'gangster rap', 'hip hop', 'pop rap', 'rap', 'st louis rap', 'urban contemporary']",3047076,76,20241011
Hozier,"['irish singer-songwriter', 'modern rock', 'pop', 'pov: indie']",7913308,87,20241011
Childish Gambino,"['atl hip hop', 'hip hop', 'rap']",13383851,82,20241011
Mägo de Oz,"['celtic metal', 'latin rock', 'medieval rock', 'rock en espanol', 'spanish folk metal', 'spanish metal']",4348414,70,20241011
Isaac Delusion,"['electro-pop francais', 'french indie pop', 'french indietronica', 'french psychedelic']",121113,53,20241011
SCH,"['french hip hop', 'pop urbaine', 'rap marseille']",2342191,73,20241011
Wisin & Yandel,"['electro latino', 'reggaeton', 'trap latino', 'urbano latino']",7753869,80,20241011
BM,[],83064,42,20241011
Souls Of Mischief,"['alternative hip hop', 'hardcore hip hop', 'hip hop', 'jazz rap']",334226,55,20241011
Enrique Iglesias,"['dance pop', 'latin pop', 'mexican pop']",11139356,79,20241011
Mister V,"['french hip hop', 'pop urbaine', 'rap francais']",588694,53,20241011
Ruth B.,"['alt z', 'canadian contemporary r&b', 'canadian pop', 'pop']",3733408,74,20241011
Don Omar,"['latin hip hop', 'puerto rican pop', 'reggaeton', 'trap latino', 'urbano latino']",12673239,84,20241011
Crystal Fighters,['shimmer pop'],351558,51,20241011
Martin Kohlstedt,['neo-classical'],49328,44,20241011
Lacrim,"['arabic hip hop', 'french hip hop', 'pop urbaine']",2563049,71,20241011
Shakira,"['colombian pop', 'dance pop', 'latin pop', 'pop']",34828695,88,20241011
Ja Rule,"['dance pop', 'east coast hip hop', 'gangster rap', 'hip hop', 'hip pop', 'pop rap', 'queens hip hop', 'rap', 'urban contemporary']",1933510,70,20241011
Foster The People,"['indietronica', 'modern alternative rock', 'modern rock', 'rock']",3843913,75,20241011
Sam Smith,"['pop', 'uk pop']",24372250,84,20241011
Outlawz,['gangster rap'],314969,67,20241011
Gracie Abrams,['alt z'],2619653,85,20241011
Alex Margo,[],1461,31,20241011
Baby Queen,['modern alternative pop'],130295,51,20241011
Stevie Wonder,"['motown', 'soul']",6609190,76,20241011
Ken-Y,['reggaeton'],360294,65,20241011
Bradley Simpson,[],24960,40,20241011
Sátyr,"['lo-fi beats', 'lo-fi jazzhop', 'lo-fi study']",5060,54,20241011
Skillibeng,"['dancehall', 'jamaican dancehall', 'traphall', 'trinibad']",413974,66,20241011
Morad,"['drill espanol', 'urbano espanol']",3534774,80,20241011
Cruza,['indie r&b'],46346,55,20241011
The Killers,"['alternative rock', 'dance rock', 'modern rock', 'permanent wave', 'rock']",7494388,79,20241011
María Escarmiento,['latin talent show'],49097,46,20241011
keshi,['chill r&b'],3735572,79,20241011
Los Ángeles Azules,"['gruperas inmortales', 'musica mexicana', 'nu-cumbia', 'ranchera', 'tropical']",7759876,79,20241011
Living Room,"['lo-fi jazzhop', 'lo-fi study']",16156,55,20241011
High John,"['lo-fi beats', 'lo-fi jazzhop']",6148,47,20241011
cassö,"['hypertechno', 'pop dance']",71668,70,20241011
Backstreet Boys,"['boy band', 'dance pop', 'pop']",5907020,78,20241011
The Kid LAROI,['australian hip hop'],5726013,85,20241011
Alphaville,"['new romantic', 'new wave pop', 'synthpop']",914487,73,20241011
Angèle,"['belgian pop', 'french pop', 'variete francaise']",2735144,68,20241011
Kane Brown,"['black americana', 'contemporary country', 'country', 'country road']",5531246,76,20241011
Chris Brown,"['r&b', 'rap']",23580562,88,20241011
Alan Walker,['electro house'],39549165,82,20241011
Travis Scott,"['rap', 'slap house']",33496934,94,20241011
Gunna,"['atl hip hop', 'melodic rap', 'rap', 'trap']",8095997,87,20241011
Jeezy,"['atl hip hop', 'crunk', 'dirty south rap', 'gangster rap', 'old school atlanta hip hop', 'rap', 'southern hip hop', 'trap']",2437437,71,20241011
Emma Nissen,[],74420,50,20241011
David Gilmour,"['album rock', 'art rock', 'classic rock', 'progressive rock', 'symphonic rock']",1936477,65,20241011
Metallica,"['hard rock', 'metal', 'old school thrash', 'rock', 'thrash metal']",28610194,84,20241011
Nil Moliner,['spanish pop'],253484,63,20241011
Laylow,"['cloud rap francais', 'french hip hop', 'pop urbaine']",806324,68,20241011
Shaboozey,"['modern country pop', 'pop rap']",709153,81,20241011
Leon Thomas,['indie r&b'],182765,65,20241011
Zach Bryan,['classic oklahoma country'],5242496,91,20241011
Ice Cube,"['conscious hip hop', 'g funk', 'gangster rap', 'hip hop', 'rap', 'west coast rap']",9110727,74,20241011
Niños Mutantes,"['granada indie', 'musica para ninos', 'spanish indie pop', 'spanish modern rock']",91109,43,20241011
Fuego,"['electro latino', 'rap dominicano', 'trap latino']",275242,63,20241011
LISA,['k-pop'],9112952,82,20241011
AC/DC,"['australian rock', 'hard rock', 'rock']",29536730,84,20241011
iann dior,['melodic rap'],1863098,72,20241011
Dasha,[],233684,76,20241011
Drake,"['canadian hip hop', 'canadian pop', 'hip hop', 'pop rap', 'rap']",92432769,96,20241011
Barry Manilow,"['adult standards', 'mellow gold', 'soft rock', 'yacht rock']",1714489,63,20241011
The Alchemist,"['alternative hip hop', 'drumless hip hop', 'hip hop', 'instrumental hip hop', 'west coast rap']",733717,73,20241011
Billy Ray Cyrus,['country rock'],253539,63,20241011
GAIA,"['trance', 'uplifting trance']",104167,52,20241011
Melanie Martinez,"['alt z', 'electropop', 'pop']",21367455,80,20241011
Roxette,"['europop', 'swedish pop', 'synthpop']",2345711,74,20241011
Dedublüman,['turkce slow sarkilar'],1525754,72,20241011
Marshmello,"['brostep', 'edm', 'pop', 'progressive electro house']",33825642,84,20241011
Sonny Fodera,"['house', 'pop dance', 'uk dance']",217860,70,20241011
Billie Eilish,"['art pop', 'pop']",100485485,96,20241011
Calvin Harris,"['dance pop', 'edm', 'electro house', 'house', 'pop', 'progressive house', 'uk dance']",22883431,87,20241011
Sammy Rae & The Friends,['nyc pop'],205612,57,20241011
Ms. Lauryn Hill,"['alternative r&b', 'conscious hip hop', 'hip hop', 'neo soul', 'new jersey rap', 'r&b']",3076084,74,20241011
Aitana,"['latin talent show', 'latin viral pop', 'spanish pop']",3087330,74,20241011
Tommy Richman,['chill abstract hip hop'],726230,80,20241011
ANNA,"['italian hip hop', 'italian pop']",1061718,77,20241011
NLE Choppa,"['memphis hip hop', 'rap']",8666705,79,20241011
Gigi Perez,['bedroom pop'],298723,77,20241011
OBOY,"['french hip hop', 'pop urbaine', 'rap francais']",935466,69,20241011
ECKO,"['argentine hip hop', 'trap argentino']",1309496,67,20241011
GIMS,"['french hip hop', 'pop urbaine', 'r&b francais', 'rap conscient']",4905498,80,20241011
Omega,['rap dominicano'],240940,64,20241011
Andrés Calamaro,"['argentine rock', 'cantautor', 'latin alternative', 'pop argentino', 'rock en espanol']",2568954,72,20241011
Nicki Nicole,"['argentine hip hop', 'r&b argentino', 'trap argentino', 'trap latino', 'urbano latino']",7577221,80,20241011
Massive Attack,"['downtempo', 'electronica', 'trip hop']",2291102,68,20241011
Jay Wheeler,"['reggaeton', 'trap latino', 'urbano latino']",4367664,80,20241011
Kacey Musgraves,"['classic texas country', 'contemporary country', 'country dawn']",1481767,78,20241011
The Vaccines,"['british indie rock', 'garage rock', 'indie rock', 'modern rock', 'rock', 'scottish rock']",785564,58,20241011
Little Big Town,"['contemporary country', 'country', 'country dawn', 'country road']",2807554,63,20241011
Manolo Garcia,"['cantautor', 'pop flamenco', 'spanish new wave', 'spanish pop']",642118,59,20241011
Laura Pausini,"['europop', 'italian adult pop', 'latin arena pop', 'mexican pop']",2609369,73,20241011
D.O.D,"['electro house', 'house', 'pop dance', 'uk dance']",90893,70,20241011
Leño,"['cantautor', 'spanish new wave', 'spanish punk']",125571,42,20241011
Casey MQ,['bubblegum bass'],8283,35,20241011
Djadja & Dinaz,"['french hip hop', 'pop urbaine', 'rap conscient']",2848888,69,20241011
ERNEST,['modern country pop'],193676,73,20241011
Tiësto,"['big room', 'brostep', 'dutch edm', 'edm', 'house', 'pop dance', 'progressive electro house', 'slap house', 'trance']",7510118,85,20241011
Dei V,"['trap latino', 'urbano latino']",1340740,82,20241011
Charlie Brown Jr.,"['brazilian rock', 'hard rock brasileiro', 'rock alternativo brasileiro', 'rock nacional brasileiro']",7453959,76,20241011
Cardi B,"['pop', 'rap']",24510799,81,20241011
Keinemusik,['melodic house'],318338,77,20241011
Tiago PZK,"['trap argentino', 'trap latino', 'urbano latino']",5348498,81,20241011
Luke Combs,"['contemporary country', 'country']",11500891,88,20241011
Jordan Adetunji,['irish hip hop'],168206,74,20241011
Tequila Tequila,[],91,0,20241011
Daya,"['alt z', 'pop']",1669472,72,20241011
ELENA ROSE,['r&b en espanol'],127161,71,20241011
Ryan Castro,"['reggaeton', 'trap colombiano', 'trap latino', 'urbano latino']",3042061,79,20241011
FT Kings,[],16823,66,20241011
Meghan Trainor,"['hip pop', 'pop']",15386185,80,20241011
The 1975,"['modern alternative rock', 'modern rock', 'pop', 'pov: indie', 'rock']",7401662,78,20241011
Deadletter,[],14,0,20241011
Mark Ambor,['singer-songwriter pop'],505677,76,20241011
Polo G,"['chicago rap', 'rap']",11846932,81,20241011
Manuel Turizo,"['colombian pop', 'latin pop', 'reggaeton', 'reggaeton colombiano', 'trap latino', 'urbano latino']",14052716,84,20241011
Morgan Wallen,['contemporary country'],10810229,91,20241011
Bresh,"['italian hip hop', 'italian pop', 'rap genovese']",268791,69,20241011
Prototype,['rap francais'],53504,59,20241011
Chimbala,"['dembow', 'rap dominicano']",639664,70,20241011
50 Cent,"['east coast hip hop', 'gangster rap', 'hip hop', 'pop rap', 'queens hip hop', 'rap']",15646318,85,20241011
Don Toliver,['rap'],5037087,87,20241011
The Chainsmokers,['pop'],20518376,83,20241011
KADI,[],38777,48,20241011
Patti LaBelle,"['contemporary r&b', 'philly soul', 'quiet storm', 'r&b', 'soul', 'urban contemporary']",1017857,53,20241011
Taylor Swift,['pop'],123220924,100,20241011
Amaarae,"['afro r&b', 'afrobeats', 'alternative r&b', 'ghanaian alternative', 'ghanaian pop']",439863,69,20241011
Wiz Khalifa,"['hip hop', 'pittsburgh rap', 'pop rap', 'rap', 'southern hip hop', 'trap']",11250928,82,20241011
Julión Álvarez y su Norteño Banda,"['banda', 'musica mexicana', 'norteno', 'sad sierreno']",6572032,84,20241011
Key-Key,['raspe'],37480,66,20241011
Peso Pluma,"['corridos tumbados', 'sad sierreno']",16533607,93,20241011
Miley Cyrus,['pop'],24833068,84,20241011
David Guetta,"['big room', 'dance pop', 'edm', 'pop', 'pop dance']",26270443,90,20241011
Blessd,"['reggaeton', 'urbano latino']",5055818,82,20241011
Milo j,"['trap argentino', 'trap latino', 'urbano latino']",4807524,83,20241011
Paul McCartney,"['classic rock', 'mellow gold', 'rock', 'soft rock']",4903889,73,20241011
W Sound,[],93557,64,20241011
Kelly Clarkson,"['dance pop', 'pop', 'talent show']",10588683,74,20241011
Becky G,"['latin pop', 'latin viral pop', 'rap latina', 'reggaeton', 'trap latino', 'urbano latino']",15108650,79,20241011
Hamza,"['belgian hip hop', 'cloud rap francais', 'french hip hop', 'pop urbaine', 'rap belge']",1366589,74,20241011
LeToya Luckett,"['contemporary r&b', 'hip pop', 'r&b', 'urban contemporary']",457484,30,20241011
UZI,"['turkish hip hop', 'turkish trap']",5153217,72,20241011
Camp Lo,"['bronx hip hop', 'east coast hip hop', 'jazz rap']",160518,44,20241011
Fontaines D.C.,"['crank wave', 'irish indie rock', 'irish post-punk']",637871,72,20241011
Marcus King,"['modern blues', 'modern blues rock']",263658,57,20241011
Luísa Sonza,"['funk carioca', 'pop nacional']",6077243,77,20241011
Teddy Swims,[],3138526,86,20241011
DJ Nelson,"['reggaeton', 'urbano latino']",1158704,73,20241011
Rihanna,"['barbadian pop', 'pop', 'urban contemporary']",63038925,92,20241011
Bad Bunny,"['reggaeton', 'trap latino', 'urbano latino']",86136688,95,20241011
Duncan Dhu,"['cantautor', 'latin alternative', 'latin rock', 'mexican rock', 'rock en espanol', 'spanish new wave', 'spanish pop']",808189,63,20241011
Plan B,"['reggaeton', 'trap latino', 'urbano latino']",5025605,81,20241011
nimino,['melodic house'],84945,66,20241011
IAMX,"['indietronica', 'industrial pop']",201379,51,20241011
Fran C,['reggaeton chileno'],106704,64,20241011
RAYE,"['uk contemporary r&b', 'uk pop']",1678237,78,20241011
L.V.,[],39705,70,20241011
Chayanne,"['latin pop', 'puerto rican pop']",8248195,76,20241011
Lynda Carter,[],9094,39,20241011
Diddy,"['dance pop', 'east coast hip hop', 'hip hop', 'hip pop', 'pop rap', 'rap']",1770106,74,20241011
JHAYCO,"['reggaeton', 'trap latino', 'urbano latino']",8099506,84,20241011
Grandmaster Melle Mel,"['bronx hip hop', 'east coast hip hop', 'old school hip hop']",71611,51,20241011
Eminem,"['detroit hip hop', 'hip hop', 'rap']",91259972,93,20241011
Journey,"['album rock', 'classic rock', 'hard rock', 'mellow gold', 'rock', 'soft rock']",5732190,77,20241011
Tyla,[],1956844,76,20241011
Lil' Kim,"['dance pop', 'east coast hip hop', 'hip hop', 'hip pop', 'pop rap', 'r&b', 'rap', 'southern hip hop', 'trap queen', 'urban contemporary']",1769890,65,20241011
SNAYX,[],8471,32,20241011
Haze,"['latin pop', 'trap latino', 'urbano latino']",76424,72,20241019
Lil Wayne,"['hip hop', 'new orleans rap', 'pop rap', 'rap', 'trap']",15399466,87,20241019
Black Pumas,['retro soul'],1060349,64,20241019
Paul Collins,['movie tunes'],817,33,20241019
Triana,[],229,32,20241019
Lil Baby,"['atl hip hop', 'atl trap', 'rap', 'trap']",18737907,87,20241019
SZA,"['pop', 'r&b', 'rap']",23703730,90,20241019
Adam Port,['melodic house'],204813,77,20241019
The Notorious B.I.G.,"['east coast hip hop', 'gangster rap', 'hardcore hip hop', 'hip hop', 'rap']",10851733,80,20241019
Takuya Kuroda,"['contemporary jazz', 'indie jazz', 'japanese jazz']",128483,41,20241019
Natasha Bedingfield,"['dance pop', 'pop', 'post-teen pop']",1826183,76,20241019
Yandel,"['latin hip hop', 'reggaeton', 'trap latino', 'urbano latino']",8003419,81,20241019
Capo Plaza,"['italian hip hop', 'italian pop', 'trap italiana']",3887922,75,20241019
Roger Miller,"['classic country pop', 'classic oklahoma country', 'nashville sound']",276544,54,20241019
Luvcat,[],70580,54,20241019
Noah Kahan,"['pov: indie', 'singer-songwriter pop']",3466929,87,20241019
Estopa,"['pop flamenco', 'rumba', 'spanish pop']",2099222,71,20241019
Benson Boone,['singer-songwriter pop'],3744199,86,20241019
Topic,"['german dance', 'pop dance', 'pop edm', 'uk dance']",264447,76,20241019
LOS NIKIS,['spanish new wave'],35204,37,20241019
Linkin Park,"['alternative metal', 'nu metal', 'post-grunge', 'rap metal', 'rock']",27172860,92,20241019
No Te Va Gustar,"['latin alternative', 'reggae uruguayo', 'rock en espanol', 'rock uruguayo']",2356400,71,20241019
*NSYNC,"['boy band', 'dance pop', 'pop']",2671666,78,20241019
Zion & Lennox,"['reggaeton', 'urbano latino']",7729344,77,20241019
Pink Floyd,"['album rock', 'art rock', 'classic rock', 'progressive rock', 'psychedelic rock', 'rock', 'symphonic rock']",20977028,80,20241019
Max McNown,[],236743,69,20241019
Christina Aguilera,"['dance pop', 'pop']",8523503,79,20241019
Angelina Mango,['italian pop'],459615,67,20241019
Trippie Redd,"['melodic rap', 'rap', 'trap']",9879383,82,20241019
41,['new york drill'],240577,72,20241019
d4vd,"['bedroom pop', 'bedroom r&b']",3017126,80,20241019
Ralphie Choo,"['indie r&b', 'urbano espanol']",69728,63,20241019
Guè,"['italian hip hop', 'italian pop']",2597003,76,20241019
Walls of Jericho,"['groove metal', 'melodic metalcore']",113362,34,20241019
Phoenix,"['alternative dance', 'indie rock', 'modern rock', 'new rave', 'rock independant francais', 'shimmer pop']",1942825,69,20241019
Fridayy,[],249827,67,20241019
D-Event,[],119,11,20241019
Daft Punk,"['electro', 'filter house', 'rock']",10198301,82,20241019
Hombres G,"['latin alternative', 'latin pop', 'mexican pop', 'rock en espanol', 'spanish rock']",4483935,73,20241019
Lennox,[],23752,56,20241019
Luis R Conriquez,"['corrido', 'sad sierreno', 'sierreno']",6469083,86,20241019
Cyndi Lauper,"['dance pop', 'new wave pop', 'permanent wave', 'soft rock']",2858051,73,20241019
Crowded House,"['australian rock', 'permanent wave']",879780,71,20241019
Bruno Mars,"['dance pop', 'pop']",60439231,94,20241019
Emre Fel,['turkish singer-songwriter'],318561,68,20241019
Fuerza Regida,"['corrido', 'corridos tumbados', 'sad sierreno', 'sierreno']",11841078,89,20241019
Brand Nubian,"['conscious hip hop', 'east coast hip hop', 'golden age hip hop']",235817,42,20241019
Metro Boomin,['rap'],9419007,90,20241019
Common,"['alternative hip hop', 'chicago rap', 'conscious hip hop', 'hardcore hip hop', 'hip hop', 'political hip hop']",978659,62,20241019
Skepta,"['birmingham grime', 'grime', 'instrumental grime', 'uk hip hop']",1361935,74,20241019
Lady Gaga,"['art pop', 'dance pop', 'pop']",32120416,92,20241019
Kenia OS,"['latin viral pop', 'urbano mexicano']",5501954,76,20241019
Black Moon,"['east coast hip hop', 'hardcore hip hop']",196908,44,20241019
J. Cole,"['conscious hip hop', 'hip hop', 'north carolina hip hop', 'rap']",24746817,87,20241019
Nazan Öncel,"['turkish instrumental', 'turkish pop', 'turkish singer-songwriter']",653711,61,20241019
Rick Ross,"['dirty south rap', 'gangster rap', 'hip hop', 'rap', 'southern hip hop', 'trap']",7370543,77,20241019
Aventura,"['bachata', 'bachata dominicana', 'latin hip hop', 'latin pop', 'tropical', 'urbano latino']",8879548,82,20241019
John Maus,"['art pop', 'baroque pop', 'experimental pop', 'grave wave', 'hypnagogic pop', 'noise pop']",215811,49,20241019
Sabrina Carpenter,['pop'],13764628,95,20241019
Tobÿ,"['chill house', 'saxophone house', 'tropical house']",8074,55,20241019
Artemas,[],959846,80,20241019
Delaporte,['spanish indie pop'],67266,48,20241019
jüle.,[],2843,49,20241019
Vacra,['pop urbaine'],89166,68,20241019
Ultimo,"['italian adult pop', 'italian pop']",3617625,72,20241019
Gaby Music,"['pop reggaeton', 'trap latino', 'urbano latino']",73815,66,20241019
sombr,[],186817,64,20241019
HUGEL,['deep house'],342878,77,20241019
ASTRO,"['k-pop', 'k-pop boy group']",2137236,56,20241019
The LOX,"['dirty south rap', 'east coast hip hop', 'hardcore hip hop']",566440,53,20241019
Can Kazaz,"['turkish alt pop', 'turkish rock']",369406,62,20241019
Franglish,"['french hip hop', 'pop urbaine', 'r&b francais']",1528620,70,20241019
Big One,['trap argentino'],634620,75,20241019
Caleb Calloway,['urbano latino'],22150,59,20241019
Pixies,"['alternative rock', 'boston rock', 'permanent wave', 'rock']",3111111,72,20241019
WIU,['trap brasileiro'],2415404,76,20241019
Los Rodriguez,"['argentine rock', 'latin alternative', 'rock en espanol']",718877,61,20241019
Lola Young,['uk pop'],255056,62,20241019
Chencho Corleone,"['reggaeton', 'reggaeton flow', 'trap latino', 'urbano latino']",1202993,80,20241019
Dee C. Lee,[],3726,27,20241019
Quevedo,"['rap canario', 'trap latino', 'urbano latino']",5191462,82,20241019
Jowell & Randy,"['reggaeton', 'urbano latino']",4427446,72,20241019
David Garrett,"['bow pop', 'pop violin']",499178,54,20241019
girl in red,"['bedroom pop', 'indie pop', 'norwegian indie', 'pov: indie']",7591174,78,20241019
The Marías,"['bedroom pop', 'la indie']",1560952,77,20241019
Chappell Roan,['indie pop'],3534996,90,20241019
Bad Gyal,"['neoperreo', 'rap catala', 'rap latina', 'trap catala', 'urbano espanol', 'urbano latino']",1813395,75,20241019
USHER,"['atl hip hop', 'contemporary r&b', 'dance pop', 'pop', 'r&b', 'rap', 'south carolina hip hop', 'urban contemporary']",12242700,83,20241019
Adele,"['british soul', 'pop', 'pop soul', 'uk pop']",59436644,88,20241019
José Mercé,[],140,0,20241019
Tate McRae,['pop'],6054052,85,20241019
Porter Robinson,"['complextro', 'edm', 'electro house', 'pop dance', 'progressive electro house']",1164119,65,20241019
.Feast,['indonesian indie'],745559,68,20241019
Sebastian Yatra,"['colombian pop', 'latin pop', 'reggaeton', 'reggaeton colombiano', 'urbano latino']",23156699,80,20241019
Doechii,['alternative r&b'],597612,73,20241019
Post Malone,"['dfw rap', 'melodic rap', 'pop', 'rap']",45573720,92,20241019
Future,"['atl hip hop', 'hip hop', 'rap', 'southern hip hop', 'trap']",18908068,93,20241019
Ivan Ferreiro,"['cantautor', 'spanish indie pop']",250520,53,20241019
Harry Styles,['pop'],32962024,84,20241019
Emilia,['pop argentino'],3646592,81,20241019
KHEA,"['argentine hip hop', 'trap argentino', 'trap latino', 'trap triste', 'urbano latino']",5750555,78,20241019
Ashanti,"['dance pop', 'hip pop', 'r&b', 'urban contemporary']",3195612,72,20241019
Joan Dausà,"['cantautor catala', 'indie catala', 'rock catala']",51015,49,20241019
Burna Boy,"['afrobeats', 'dancehall', 'nigerian hip hop', 'nigerian pop']",10357885,81,20241019
Yeah Yeah Yeahs,"['alternative dance', 'alternative rock', 'art pop', 'dance-punk', 'garage rock', 'indie rock', 'modern rock', 'neo-synthpop', 'new rave']",1348311,68,20241019
InI,['jazz rap'],9822,48,20241019
Martin Garrix,"['dutch edm', 'edm', 'pop', 'pop dance', 'progressive house']",15078947,76,20241019
Yomo,"['latin hip hop', 'reggaeton']",1019477,60,20241019
Kygo,"['edm', 'pop', 'pop dance', 'tropical house']",8467849,82,20241019
Samuraï,[],56128,59,20241019
El Barrio,"['pop flamenco', 'rock andaluz', 'rumba', 'spanish pop']",1251062,64,20241019
Vance Joy,"['folk-pop', 'modern rock']",3175585,77,20241019
Anuel AA,"['reggaeton', 'reggaeton flow', 'trap boricua', 'trap latino', 'urbano latino']",38291510,88,20241019
Ayra Starr,['afrobeats'],3721946,79,20241019
Madison Beer,['pop'],7114883,75,20241019
24kGoldn,"['cali rap', 'pop rap']",2243963,71,20241019
Feid,"['colombian pop', 'pop reggaeton', 'reggaeton', 'reggaeton colombiano', 'trap latino', 'urbano latino']",14254481,92,20241019
Tiakola,"['french hip hop', 'pop urbaine']",2369496,79,20241019
The Weeknd,"['canadian contemporary r&b', 'canadian pop', 'pop']",92821145,96,20241019
Rod Wave,['florida rap'],7906077,82,20241019
Hi-Tech,['golden age hip hop'],7809,32,20241019
Snoop Dogg,"['g funk', 'gangster rap', 'hip hop', 'pop rap', 'rap', 'west coast rap']",12699059,84,20241019
Jazzy,"['pop dance', 'uk dance']",77976,69,20241019
IONA,['lo-fi jazzhop'],803,43,20241019
Beyoncé,"['pop', 'r&b']",38758702,87,20241019
Dani Martín,"['spanish pop', 'spanish pop rock']",921567,62,20241019
Héctor Lavoe,"['salsa', 'salsa puertorriquena', 'tropical']",2089265,67,20241019
The Goo Goo Dolls,"['neo mellow', 'permanent wave', 'pop rock', 'post-grunge']",2939489,76,20241019
Airbag,['argentine rock'],872716,69,20241019
Billy Joel,"['album rock', 'classic rock', 'mellow gold', 'piano rock', 'rock', 'singer-songwriter', 'soft rock']",6336781,79,20241019
Swallow The Sun,"['doom metal', 'finnish death metal', 'finnish doom metal', 'finnish melodeath', 'finnish metal', 'melodic death metal']",148104,43,20241019
Maria Becerra,"['pop argentino', 'urbano latino']",7083233,82,20241019
Mike Tucker,[],308,12,20241019
Roberto Carlos,"['jovem guarda', 'mpb']",6014790,71,20241019
Andrés Koi,[],6538,33,20241019
MAGIC!,"['pop', 'reggae fusion']",1363551,70,20241019
Nas,"['conscious hip hop', 'east coast hip hop', 'gangster rap', 'hardcore hip hop', 'hip hop', 'queens hip hop', 'rap']",3920343,74,20241019
Chase Atlantic,['alternative r&b'],8250483,82,20241019
Omar Montes,"['flamenco urbano', 'urbano espanol']",818424,74,20241019
Mishaal Tamer,"['lo-fi chill', 'sad lo-fi']",108178,57,20241019
21 Savage,"['atl hip hop', 'hip hop', 'rap']",20318872,89,20241019
Daddy Yankee,"['latin hip hop', 'reggaeton', 'trap latino', 'urbano latino']",35222759,88,20241019
"Tyler, The Creator","['hip hop', 'rap']",16596279,87,20241019
aespa,['k-pop girl group'],6689704,81,20241019
Black Sheep,"['east coast hip hop', 'queens hip hop']",236079,44,20241019
Rakim,['east coast hip hop'],926508,59,20241019
Kelsea Ballerini,"['contemporary country', 'country']",1202868,70,20241019
John Legend,"['neo soul', 'pop', 'pop soul', 'urban contemporary']",7093247,77,20241019
Berliner Philharmoniker,"['classical', 'classical performance', 'german orchestra', 'orchestra']",224773,74,20241019
ARCO,[],305,8,20241019
Snow Strippers,['cloud rap'],117677,65,20241019
Pink Martini,['lounge'],414266,59,20241019
Charli xcx,"['art pop', 'candy pop', 'metropopolis', 'pop', 'uk pop']",4280724,90,20241019
Naughty By Nature,"['east coast hip hop', 'hip hop', 'new jersey rap']",1184720,61,20241019
Justin Timberlake,"['dance pop', 'pop']",14609084,83,20241019
Carbonne,[],154686,65,20241019
Marlon Craft,['nyc rap'],173007,58,20241019
De La Soul,"['east coast hip hop', 'golden age hip hop', 'hip hop', 'jazz rap']",1042027,61,20241019
Too $hort,"['cali rap', 'gangster rap', 'golden age hip hop', 'hyphy', 'oakland hip hop', 'west coast rap']",1585009,64,20241019
C4C,"['chillhop', 'lo-fi beats']",12809,52,20241019
Regard,"['pop dance', 'pop edm', 'slap house', 'uk dance']",261537,69,20241019
KARINA,[],230543,45,20241019
Coldplay,"['permanent wave', 'pop']",54081709,92,20241019
Ana Mena,['spanish pop'],949371,70,20241019
2 Chainz,"['atl hip hop', 'hip hop', 'pop rap', 'rap', 'southern hip hop', 'trap']",8105981,76,20241019
BANKS,"['art pop', 'electropop', 'indie poptimism', 'indietronica', 'shimmer pop']",1063738,58,20241019
Dinosaur Jr.,"['alternative rock', 'lo-fi', 'noise pop', 'noise rock', 'permanent wave', 'power pop', 'shoegaze', 'slacker rock']",550815,52,20241019
R. City,"['reggae fusion', 'virgin islands reggae']",171628,63,20241019
Conrad Sewell,['australian pop'],115267,63,20241019
Ziak,"['drill francais', 'french hip hop', 'pop urbaine']",1092722,63,20241019
Jorja Smith,"['r&b', 'uk contemporary r&b']",3482026,74,20241019
Rosendo Cantú,"['musica neoleonesa', 'norteno']",23274,47,20241019
Nile Rodgers,['disco'],150819,74,20241019
Elyanna,['palestinian pop'],218367,72,20241019
KIDDO,['scandipop'],28471,61,20241019
Jain,['french pop'],969090,64,20241019
DVSR,['rap metal'],27134,28,20241019
La Frontera,"['spanish new wave', 'spanish pop']",95648,43,20241019
Dirty Porko,"['rap espanol', 'spanish hip hop', 'urbano espanol']",63352,47,20241019
Xzibit,"['detroit hip hop', 'g funk', 'gangster rap', 'hardcore hip hop', 'hip hop', 'west coast rap']",2105284,68,20241019
Dua Lipa,"['dance pop', 'pop', 'uk pop']",44842885,88,20241019
Ramos.,[],13452,58,20241019
Trueno,"['argentine hip hop', 'bases de freestyle', 'trap argentino', 'trap latino', 'urbano latino']",7752569,81,20241019
Digable Planets,"['afrofuturism', 'east coast hip hop', 'hip hop', 'jazz rap', 'psychedelic hip hop']",440404,53,20241019
Imagine Dragons,"['modern rock', 'pop', 'rock']",54895738,89,20241019
El Alfa,"['dembow', 'rap dominicano', 'trap latino', 'urbano latino']",3681007,79,20241019
Playboi Carti,"['atl hip hop', 'plugg', 'pluggnb', 'rage rap', 'rap']",11969427,90,20241019
Pete Rock,"['east coast hip hop', 'instrumental hip hop', 'jazz rap']",360645,55,20241019
Jacob Forever,"['cubaton', 'reparto']",200284,58,20241019
The Cranberries,"['irish rock', 'pop rock', 'rock']",4566527,78,20241019
Ed Sheeran,"['pop', 'singer-songwriter pop', 'uk pop']",116583260,89,20241019
Yann Tiersen,"['compositional ambient', 'french soundtrack']",1052596,67,20241019
Slow J,['hip hop tuga'],233839,59,20241019
MC Rick,"['funk bh', 'funk carioca', 'funk mtg']",1539371,70,20241019
Olly Alexander (Years & Years),"['dance pop', 'gauze pop', 'pop', 'pop dance', 'uk pop']",1973858,69,20241019
Myles Smith,['singer-songwriter pop'],751678,79,20241019
Parliament Funkadelic,"['afrofuturism', 'p funk']",31075,44,20241019
Myke Towers,"['reggaeton', 'trap latino', 'urbano latino']",16788680,89,20241019
Miguel,"['r&b', 'urban contemporary']",5314340,81,20241019
Nelly,"['dance pop', 'gangster rap', 'hip hop', 'pop rap', 'rap', 'st louis rap', 'urban contemporary']",3062442,76,20241019
Hozier,"['irish singer-songwriter', 'modern rock', 'pop', 'pov: indie']",7942780,87,20241019
Childish Gambino,"['atl hip hop', 'hip hop', 'rap']",13413601,81,20241019
Mägo de Oz,"['celtic metal', 'latin rock', 'medieval rock', 'rock en espanol', 'spanish folk metal', 'spanish metal']",4361266,70,20241019
Isaac Delusion,"['electro-pop francais', 'french indie pop', 'french indietronica', 'french psychedelic']",121399,53,20241019
SCH,"['french hip hop', 'pop urbaine', 'rap marseille']",2349837,72,20241019
Wisin & Yandel,"['electro latino', 'reggaeton', 'trap latino', 'urbano latino']",7781958,80,20241019
BM,[],83388,42,20241019
Souls Of Mischief,"['alternative hip hop', 'hardcore hip hop', 'hip hop', 'jazz rap']",335065,55,20241019
Enrique Iglesias,"['dance pop', 'latin pop', 'mexican pop']",11155462,79,20241019
Mister V,"['french hip hop', 'pop urbaine', 'rap francais']",588798,53,20241019
Ruth B.,"['alt z', 'canadian contemporary r&b', 'canadian pop', 'pop']",3750970,74,20241019
Don Omar,"['latin hip hop', 'puerto rican pop', 'reggaeton', 'trap latino', 'urbano latino']",12734991,84,20241019
Crystal Fighters,['shimmer pop'],351845,51,20241019
Martin Kohlstedt,['neo-classical'],49529,45,20241019
Lacrim,"['arabic hip hop', 'french hip hop', 'pop urbaine']",2574585,72,20241019
Shakira,"['colombian pop', 'dance pop', 'latin pop', 'pop']",34949657,88,20241019
Ja Rule,"['dance pop', 'east coast hip hop', 'gangster rap', 'hip hop', 'hip pop', 'pop rap', 'queens hip hop', 'rap', 'urban contemporary']",1938544,70,20241019
Foster The People,"['indietronica', 'modern alternative rock', 'modern rock', 'rock']",3850563,75,20241019
Sam Smith,"['pop', 'uk pop']",24439181,84,20241019
Outlawz,['gangster rap'],316500,67,20241019
Gracie Abrams,['alt z'],2717004,86,20241019
Alex Margo,[],1458,32,20241019
Dove Cameron,['pop'],5219858,73,20241019
Stevie Wonder,"['motown', 'soul']",6621450,76,20241019
Ken-Y,['reggaeton'],362741,65,20241019
Bradley Simpson,[],25191,40,20241019
Sátyr,"['lo-fi beats', 'lo-fi jazzhop', 'lo-fi study']",5047,55,20241019
Skillibeng,"['dancehall', 'jamaican dancehall', 'traphall', 'trinibad']",415776,66,20241019
Morad,"['drill espanol', 'urbano espanol']",3556117,80,20241019
Cruza,['indie r&b'],46996,56,20241019
The Killers,"['alternative rock', 'dance rock', 'modern rock', 'permanent wave', 'rock']",7507142,79,20241019
María Escarmiento,['latin talent show'],49172,46,20241019
keshi,['chill r&b'],3749147,79,20241019
Los Ángeles Azules,"['gruperas inmortales', 'musica mexicana', 'nu-cumbia', 'ranchera', 'tropical']",7778818,79,20241019
Living Room,"['lo-fi jazzhop', 'lo-fi study']",16217,55,20241019
High John,"['lo-fi beats', 'lo-fi jazzhop']",6192,47,20241019
cassö,"['hypertechno', 'pop dance']",72184,70,20241019
Backstreet Boys,"['boy band', 'dance pop', 'pop']",5925649,78,20241019
The Kid LAROI,['australian hip hop'],5752010,85,20241019
Alphaville,"['new romantic', 'new wave pop', 'synthpop']",920904,73,20241019
Angèle,"['belgian pop', 'french pop', 'variete francaise']",2736761,69,20241019
Kane Brown,"['black americana', 'contemporary country', 'country', 'country road']",5538445,77,20241019
Chris Brown,"['r&b', 'rap']",23685056,88,20241019
Alan Walker,['electro house'],39592551,82,20241019
Travis Scott,"['rap', 'slap house']",33711661,94,20241019
Gunna,"['atl hip hop', 'melodic rap', 'rap', 'trap']",8141609,87,20241019
Jeezy,"['atl hip hop', 'crunk', 'dirty south rap', 'gangster rap', 'old school atlanta hip hop', 'rap', 'southern hip hop', 'trap']",2439998,72,20241019
Emma Nissen,[],77301,50,20241019
David Gilmour,"['album rock', 'art rock', 'classic rock', 'progressive rock', 'symphonic rock']",1940195,64,20241019
Metallica,"['hard rock', 'metal', 'old school thrash', 'rock', 'thrash metal']",28684671,84,20241019
Nil Moliner,['spanish pop'],253999,63,20241019
Peysoh,[],145170,56,20241019
Shaboozey,"['modern country pop', 'pop rap']",723976,81,20241019
Leon Thomas,['indie r&b'],188996,66,20241019
Zach Bryan,['classic oklahoma country'],5302985,91,20241019
Ice Cube,"['conscious hip hop', 'g funk', 'gangster rap', 'hip hop', 'rap', 'west coast rap']",9165433,75,20241019
Niños Mutantes,"['granada indie', 'musica para ninos', 'spanish indie pop', 'spanish modern rock']",91242,43,20241019
Fuego,"['electro latino', 'rap dominicano', 'trap latino']",275662,63,20241019
LISA,['k-pop'],9227814,83,20241019
AC/DC,"['australian rock', 'hard rock', 'rock']",29595700,84,20241019
iann dior,['melodic rap'],1863495,72,20241019
Dasha,[],238267,75,20241019
Drake,"['canadian hip hop', 'canadian pop', 'hip hop', 'pop rap', 'rap']",92632184,96,20241019
Barry Manilow,"['adult standards', 'mellow gold', 'soft rock', 'yacht rock']",1716196,63,20241019
Dilated Peoples,"['alternative hip hop', 'hardcore hip hop', 'hip hop', 'west coast rap']",219399,50,20241019
Billy Ray Cyrus,['country rock'],254009,63,20241019
Gaiea Sanskrit,"['kirtan', 'world devotional']",30956,42,20241019
Melanie Martinez,"['alt z', 'electropop', 'pop']",21402342,80,20241019
Roxette,"['europop', 'swedish pop', 'synthpop']",2355638,74,20241019
Dedublüman,['turkce slow sarkilar'],1541489,72,20241019
Marshmello,"['brostep', 'edm', 'pop', 'progressive electro house']",33837065,84,20241019
Sonny Fodera,"['house', 'pop dance', 'uk dance']",219231,70,20241019
Billie Eilish,"['art pop', 'pop']",100866855,96,20241019
Calvin Harris,"['dance pop', 'edm', 'electro house', 'house', 'pop', 'progressive house', 'uk dance']",22893030,87,20241019
Sammy Rae & The Friends,['nyc pop'],206824,57,20241019
Ms. Lauryn Hill,"['alternative r&b', 'conscious hip hop', 'hip hop', 'neo soul', 'new jersey rap', 'r&b']",3086269,75,20241019
Aitana,"['latin talent show', 'latin viral pop', 'spanish pop']",3093379,74,20241019
Tommy Richman,['chill abstract hip hop'],734192,80,20241019
ANNA,"['italian hip hop', 'italian pop']",1084436,77,20241019
NLE Choppa,"['memphis hip hop', 'rap']",8702747,80,20241019
Gigi Perez,['bedroom pop'],333585,78,20241019
OBOY,"['french hip hop', 'pop urbaine', 'rap francais']",939186,69,20241019
ECKO,"['argentine hip hop', 'trap argentino']",1313183,67,20241019
GIMS,"['french hip hop', 'pop urbaine', 'r&b francais', 'rap conscient']",4948104,80,20241019
Omega,['rap dominicano'],241931,64,20241019
Andrés Calamaro,"['argentine rock', 'cantautor', 'latin alternative', 'pop argentino', 'rock en espanol']",2575756,72,20241019
Nicki Nicole,"['argentine hip hop', 'r&b argentino', 'trap argentino', 'trap latino', 'urbano latino']",7630524,80,20241019
Massive Attack,"['downtempo', 'electronica', 'trip hop']",2299048,68,20241019
Jay Wheeler,"['reggaeton', 'trap latino', 'urbano latino']",4383389,80,20241019
Kacey Musgraves,"['classic texas country', 'contemporary country', 'country dawn']",1484963,77,20241019
The Vaccines,"['british indie rock', 'garage rock', 'indie rock', 'modern rock', 'rock', 'scottish rock']",786199,58,20241019
Little Big Town,"['contemporary country', 'country', 'country dawn', 'country road']",2808995,63,20241019
Manolo Garcia,"['cantautor', 'pop flamenco', 'spanish new wave', 'spanish pop']",643138,59,20241019
Laura Pausini,"['europop', 'italian adult pop', 'latin arena pop', 'mexican pop']",2614571,73,20241019
D.O.D,"['electro house', 'house', 'pop dance', 'uk dance']",91456,70,20241019
Leño,"['cantautor', 'spanish new wave', 'spanish punk']",125752,43,20241019
Casey MQ,['bubblegum bass'],8373,35,20241019
Djadja & Dinaz,"['french hip hop', 'pop urbaine', 'rap conscient']",2856063,69,20241019
ERNEST,['modern country pop'],196879,73,20241019
Tiësto,"['big room', 'brostep', 'dutch edm', 'edm', 'house', 'pop dance', 'progressive electro house', 'slap house', 'trance']",7520488,85,20241019
Dei V,"['trap latino', 'urbano latino']",1359785,81,20241019
Charlie Brown Jr.,"['brazilian rock', 'hard rock brasileiro', 'rock alternativo brasileiro', 'rock nacional brasileiro']",7487754,76,20241019
Cardi B,"['pop', 'rap']",24541790,81,20241019
Keinemusik,['melodic house'],324079,77,20241019
Tiago PZK,"['trap argentino', 'trap latino', 'urbano latino']",5367451,81,20241019
Luke Combs,"['contemporary country', 'country']",11545769,88,20241019
Jordan Adetunji,['irish hip hop'],175347,74,20241019
The Tequila Worms,[],123,2,20241019
Daya,"['alt z', 'pop']",1673468,72,20241019
ELENA ROSE,['r&b en espanol'],131558,71,20241019
Ryan Castro,"['reggaeton', 'trap colombiano', 'trap latino', 'urbano latino']",3077628,79,20241019
FT Kings,[],17874,67,20241019
Meghan Trainor,"['hip pop', 'pop']",15402687,80,20241019
The 1975,"['modern alternative rock', 'modern rock', 'pop', 'pov: indie', 'rock']",7413810,78,20241019
Deadletter,[],14,0,20241019
Mark Ambor,['singer-songwriter pop'],511228,76,20241019
Polo G,"['chicago rap', 'rap']",11876890,81,20241019
Manuel Turizo,"['colombian pop', 'latin pop', 'reggaeton', 'reggaeton colombiano', 'trap latino', 'urbano latino']",14092972,84,20241019
Morgan Wallen,['contemporary country'],10880228,91,20241019
Bresh,"['italian hip hop', 'italian pop', 'rap genovese']",269964,69,20241019
Prototype,['rap francais'],54550,60,20241019
Chimbala,"['dembow', 'rap dominicano']",641468,70,20241019
50 Cent,"['east coast hip hop', 'gangster rap', 'hip hop', 'pop rap', 'queens hip hop', 'rap']",15734954,85,20241019
Don Toliver,['rap'],5093747,87,20241019
The Chainsmokers,['pop'],20539287,83,20241019
KADI,[],38774,48,20241019
Patti LaBelle,"['contemporary r&b', 'philly soul', 'quiet storm', 'r&b', 'soul', 'urban contemporary']",1019629,53,20241019
Taylor Swift,['pop'],123832268,100,20241019
Amaarae,"['afro r&b', 'afrobeats', 'alternative r&b', 'ghanaian alternative', 'ghanaian pop']",442871,69,20241019
Wiz Khalifa,"['hip hop', 'pittsburgh rap', 'pop rap', 'rap', 'southern hip hop', 'trap']",11277546,83,20241019
Julión Álvarez y su Norteño Banda,"['banda', 'musica mexicana', 'norteno', 'sad sierreno']",6676487,84,20241019
Key-Key,['raspe'],38524,66,20241019
Peso Pluma,"['corridos tumbados', 'sad sierreno']",16695112,93,20241019
Miley Cyrus,['pop'],24879382,84,20241019
David Guetta,"['big room', 'dance pop', 'edm', 'pop', 'pop dance']",26298763,90,20241019
Blessd,"['reggaeton', 'urbano latino']",5124043,82,20241019
Milo j,"['trap argentino', 'trap latino', 'urbano latino']",4882763,83,20241019
Paul McCartney,"['classic rock', 'mellow gold', 'rock', 'soft rock']",4915114,73,20241019
W Sound,[],116656,66,20241019
Kelly Clarkson,"['dance pop', 'pop', 'talent show']",10599267,74,20241019
Becky G,"['latin pop', 'latin viral pop', 'rap latina', 'reggaeton', 'trap latino', 'urbano latino']",15155007,79,20241019
Hamza,"['belgian hip hop', 'cloud rap francais', 'french hip hop', 'pop urbaine', 'rap belge']",1373471,74,20241019
LeToya Luckett,"['contemporary r&b', 'hip pop', 'r&b', 'urban contemporary']",457389,30,20241019
UZI,"['turkish hip hop', 'turkish trap']",5180224,72,20241019
Camp Lo,"['bronx hip hop', 'east coast hip hop', 'jazz rap']",160785,44,20241019
Fontaines D.C.,"['crank wave', 'irish indie rock', 'irish post-punk']",645930,72,20241019
Marcus King,"['modern blues', 'modern blues rock']",265355,57,20241019
Luísa Sonza,"['funk carioca', 'pop nacional']",6091849,77,20241019
Teddy Swims,[],3187267,86,20241019
DJ Nelson,"['reggaeton', 'urbano latino']",1161318,73,20241019
Rihanna,"['barbadian pop', 'pop', 'urban contemporary']",63182118,92,20241019
Bad Bunny,"['reggaeton', 'trap latino', 'urbano latino']",86320568,95,20241019
Duncan Dhu,"['cantautor', 'latin alternative', 'latin rock', 'mexican rock', 'rock en espanol', 'spanish new wave', 'spanish pop']",811699,63,20241019
Plan B,"['reggaeton', 'trap latino', 'urbano latino']",5057388,81,20241019
nimino,['melodic house'],86505,66,20241019
IAMX,"['indietronica', 'industrial pop']",201895,51,20241019
Fran C,['reggaeton chileno'],108051,65,20241019
RAYE,"['uk contemporary r&b', 'uk pop']",1696609,79,20241019
L.V.,[],40254,70,20241019
Chayanne,"['latin pop', 'puerto rican pop']",8270548,76,20241019
Lynda Randle,['southern gospel'],44271,39,20241019
R. Kelly,[],2425373,69,20241019
JHAYCO,"['reggaeton', 'trap latino', 'urbano latino']",8119240,84,20241019
Grandmaster Melle Mel,"['bronx hip hop', 'east coast hip hop', 'old school hip hop']",71732,52,20241019
Eminem,"['detroit hip hop', 'hip hop', 'rap']",91678017,93,20241019
Journey,"['album rock', 'classic rock', 'hard rock', 'mellow gold', 'rock', 'soft rock']",5749016,77,20241019
Tyla,[],1996885,77,20241019
Lil' Kim,"['dance pop', 'east coast hip hop', 'hip hop', 'hip pop', 'pop rap', 'r&b', 'rap', 'southern hip hop', 'trap queen', 'urban contemporary']",1772648,65,20241019
SNAYX,[],8584,32,20241019
